<?xml version="1.0"?>
<!--<!DOCTYPE metadata SYSTEM "http://www.esri.com/metadata/esriprof80.dtd">-->
<metadata xml:lang="en"><Esri><CreaDate>20130627</CreaDate><CreaTime>20035400</CreaTime><SyncOnce>TRUE</SyncOnce><ArcGISFormat>1.0</ArcGISFormat><DataProperties><itemProps><itemLocation><linkage Sync="TRUE">file://\\DENI-PC\E$\0_PETA_DINAS_ESDM_JAWABARAT\3_Peta_ESDM_Jabar_Air_Tanah\zonasi jabar</linkage><protocol Sync="TRUE">Local Area Network</protocol></itemLocation></itemProps><copyHistory><copy source="E:\0_PETA_DINAS_ESDM_JAWABARAT\zonasi jabar" dest="\\DENI-PC\E$\0_PETA_DINAS_ESDM_JAWABARAT\3_Peta_ESDM_Jabar_Air_Tanah\zonasi jabar" date="20130628" time="06091900"></copy></copyHistory><lineage><Process ToolSource="C:\Program Files (x86)\ArcGIS\Desktop10.0\ArcToolbox\Toolboxes\Data Management Tools.tbx\DefineProjection" Date="20120306" Time="095847">DefineProjection "zonasi jabar" PROJCS['WGS_1984_UTM_Zone_48S',GEOGCS['GCS_WGS_1984',DATUM['D_WGS_1984',SPHEROID['WGS_1984',6378137.0,298.257223563]],PRIMEM['Greenwich',0.0],UNIT['Degree',0.0174532925199433]],PROJECTION['Transverse_Mercator'],PARAMETER['False_Easting',500000.0],PARAMETER['False_Northing',10000000.0],PARAMETER['Central_Meridian',105.0],PARAMETER['Scale_Factor',0.9996],PARAMETER['Latitude_Of_Origin',0.0],UNIT['Meter',1.0]]</Process></lineage></DataProperties></Esri><idinfo><citation><citeinfo><onlink Sync="TRUE">\\PEMETAAN\J\zonasi jabar</onlink></citeinfo></citation></idinfo><distInfo><distributor><distorTran><onLineSrc><linkage Sync="TRUE">file://\\PEMETAAN\J\zonasi jabar</linkage><protocol Sync="TRUE">Local Area Network</protocol></onLineSrc></distorTran></distributor></distInfo><dataqual><lineage><procstep><procdesc Sync="TRUE">Dataset copied.</procdesc><srcused Sync="TRUE">E:\peta\cat\zonasi jabar</srcused><date Sync="TRUE">20110809</date><time Sync="TRUE">15181500</time></procstep></lineage></dataqual></metadata>
