<?xml version="1.0" encoding="UTF-8"?>
<metadata xml:lang="en"><Esri><CreaDate>20191125</CreaDate><CreaTime>10162400</CreaTime><ArcGISFormat>1.0</ArcGISFormat><SyncOnce>TRUE</SyncOnce><DataProperties><lineage><Process ToolSource="c:\program files (x86)\arcgis\desktop10.5\ArcToolbox\Toolboxes\Data Management Tools.tbx\CalculateField" Date="20190730" Time="153058">CalculateField Hidrogeologi Akifer "Akuifer Volkaniklastik, produktivitas sedang, penyebaran luas" VB #</Process><Process ToolSource="c:\program files (x86)\arcgis\desktop10.5\ArcToolbox\Toolboxes\Data Management Tools.tbx\CalculateField" Date="20190730" Time="153212">CalculateField Hidrogeologi Akifer "Akuifer Volkaniklastik, setempat akuifer produktif" VB #</Process><Process ToolSource="c:\program files (x86)\arcgis\desktop10.5\ArcToolbox\Toolboxes\Data Management Tools.tbx\CalculateField" Date="20190730" Time="153322">CalculateField Hidrogeologi Akifer "Daerah airtanah langka atau tidak berarti" VB #</Process><Process ToolSource="c:\program files (x86)\arcgis\desktop10.5\ArcToolbox\Toolboxes\Data Management Tools.tbx\CalculateField" Date="20190730" Time="153633">CalculateField Hidrogeologi Akifer "Akuifer Volkanoklastik, produktivitas tinggi, sebaran luas" VB #</Process><Process ToolSource="c:\program files (x86)\arcgis\desktop10.5\ArcToolbox\Toolboxes\Data Management Tools.tbx\CalculateField" Date="20190823" Time="184535">CalculateField Hidrogeologi TipeAkifer "Akifer Dengan Aliran Melalui Ruang Antar Butir" VB #</Process><Process ToolSource="c:\program files (x86)\arcgis\desktop10.5\ArcToolbox\Toolboxes\Data Management Tools.tbx\CalculateField" Date="20190823" Time="184711">CalculateField Hidrogeologi TipeAkifer "Akifer Dengan Aliran Melalui Celahan dan Ruang Antar Butir" VB #</Process><Process ToolSource="c:\program files (x86)\arcgis\desktop10.5\ArcToolbox\Toolboxes\Data Management Tools.tbx\CalculateField" Date="20190823" Time="184844">CalculateField Hidrogeologi TipeAkifer "Akifer Bercelah/Sarang Dengan Produktivitas Rendah dan Daerah Airtanah Langka" VB #</Process><Process ToolSource="c:\program files (x86)\arcgis\desktop10.5\ArcToolbox\Toolboxes\Data Management Tools.tbx\CalculateField" Date="20191123" Time="173611">CalculateField Hidrogeologi Aquifer "Daerah airtanah langka atau tidak berarti" VB #</Process><Process ToolSource="c:\program files (x86)\arcgis\desktop10.5\ArcToolbox\Toolboxes\Data Management Tools.tbx\CalculateField" Date="20191123" Time="173656">CalculateField Hidrogeologi Aquifer "Akuifer Volkaniklastik, setempat akuifer produktif" VB #</Process></lineage></DataProperties></Esri></metadata>
